{
  "CHE": 17.4829512008055,
  "HUN": 15.519193359203,
  "CZE": 14.4732596662637,
  "SWE": 14.3831439547511,
  "FRA": 10.9360320373016,
  "DEU": 10.4252391635247,
  "IRL": 9.14032836495424,
  "DNK": 9.06582072369747,
  "AUT": 8.66601159440749,
  "ESP": 8.38354798211027,
  "CHL": 7.91703446369287,
  "NLD": 7.76769559734635,
  "BEL": 7.74841911835262,
  "MEX": 6.77241681397703,
  "COL": 6.45296117477964,
  "USA": 4.88744463489984,
  "KOR": 4.807285464499,
  "CAN": 3.64429661467713,
  "LVA": 3.48963919562505,
  "ITA": 3.16219357948308,
  "LTU": 3.02406028583342,
  "AUS": 2.53260939178948,
  "FIN": 2.00259932641111,
  "GBR": 1.11906649919835,
  "JPN": 0.921027328541526,
  "SVK": 0.893431552302566,
  "LUX": 0.604146026880012,
  "POL": 0.418742120375808,
  "PRT": -0.885207683989801,
  "NZL": -1.34521400009873,
  "EST": -1.49536042147377,
  "GRC": -8.63346364793997
}
