{
  "AFG": {
    "male": 22.68245614,
    "female": 24.23413457
  },
  "ALB": {
    "male": 27.17447081,
    "female": 26.50751203
  },
  "DZA": {
    "male": 24.86538555,
    "female": 26.56116565
  },
  "ASM": {
    "male": 33.0667207,
    "female": 35.14886463
  },
  "AND": {
    "male": 27.47839497,
    "female": 26.27166071
  },
  "AGO": {
    "male": 22.43653817,
    "female": 24.37650146
  },
  "ATG": {
    "male": 25.82569643,
    "female": 27.96185992
  },
  "ARG": {
    "male": 28.01768234,
    "female": 27.79858856
  },
  "ARM": {
    "male": 25.74388941,
    "female": 27.19451321
  },
  "AUS": {
    "male": 27.71849093,
    "female": 26.87308177
  },
  "AUT": {
    "male": 26.67288696,
    "female": 24.74923974
  },
  "AZE": {
    "male": 26.24688161,
    "female": 28.15375814
  },
  "BHS": {
    "male": 27.28640266,
    "female": 29.0596084
  },
  "BHR": {
    "male": 24.895558,
    "female": 24.79195613
  },
  "BGD": {
    "male": 21.40108169,
    "female": 22.05260608
  },
  "BRB": {
    "male": 26.51546778,
    "female": 29.41101997
  },
  "BLR": {
    "male": 26.629948,
    "female": 26.91237453
  },
  "BEL": {
    "male": 26.8013405,
    "female": 25.74971353
  },
  "BLZ": {
    "male": 27.63242364,
    "female": 30.75287977
  },
  "BEN": {
    "male": 22.66670723,
    "female": 24.57959394
  },
  "BMU": {
    "male": 27.73477278,
    "female": 29.42757663
  },
  "BTN": {
    "male": 23.59475588,
    "female": 24.56664292
  },
  "BOL": {
    "male": 25.42187349,
    "female": 27.92672885
  },
  "BIH": {
    "male": 26.53071356,
    "female": 25.34013918
  },
  "BWA": {
    "male": 22.63366824,
    "female": 26.29687711
  },
  "BRA": {
    "male": 26.47157714,
    "female": 27.03856248
  },
  "BRN": {
    "male": 27.31810115,
    "female": 27.33141526
  },
  "BGR": {
    "male": 27.32226907,
    "female": 25.93015482
  },
  "BFA": {
    "male": 22.25253512,
    "female": 22.1477769
  },
  "BDI": {
    "male": 21.85867709,
    "female": 21.60407468
  },
  "KHM": {
    "male": 22.15405293,
    "female": 22.38762001
  },
  "CMR": {
    "male": 23.65643975,
    "female": 25.22671897
  },
  "CAN": {
    "male": 27.45423618,
    "female": 26.76370753
  },
  "CPV": {
    "male": 23.80060003,
    "female": 25.42787529
  },
  "CAF": {
    "male": 22.07918352,
    "female": 23.78232058
  },
  "TCD": {
    "male": 22.05057441,
    "female": 21.97868164
  },
  "CHL": {
    "male": 27.99180302,
    "female": 28.34360496
  },
  "CHN": {
    "male": 24.27643908,
    "female": 23.59199764
  },
  "COL": {
    "male": 25.990732,
    "female": 26.75453166
  },
  "COM": {
    "male": 23.36117402,
    "female": 25.76026031
  },
  "COG": {
    "male": 22.39378052,
    "female": 24.22026121
  },
  "COK": {
    "male": 32.85587073,
    "female": 33.36277822
  },
  "CRI": {
    "male": 26.9095007,
    "female": 28.10500815
  },
  "CIV": {
    "male": 23.47829494,
    "female": 24.24784698
  },
  "HRV": {
    "male": 28.1976285,
    "female": 27.03333448
  },
  "CUB": {
    "male": 25.37309739,
    "female": 26.20142057
  },
  "CYP": {
    "male": 27.73522915,
    "female": 26.22650471
  },
  "CZE": {
    "male": 28.18887918,
    "female": 26.43610997
  },
  "COD": {
    "male": 21.44356804,
    "female": 22.70869215
  },
  "DNK": {
    "male": 26.27862334,
    "female": 24.55769869
  },
  "DJI": {
    "male": 23.50601857,
    "female": 24.75441969
  },
  "DMA": {
    "male": 25.07841251,
    "female": 29.21841194
  },
  "DOM": {
    "male": 25.68938691,
    "female": 27.56382371
  },
  "TLS": {
    "male": 21.35808968,
    "female": 21.37075683
  },
  "ECU": {
    "male": 26.76872095,
    "female": 28.0662789
  },
  "EGY": {
    "male": 27.93033859,
    "female": 31.69788414
  },
  "SLV": {
    "male": 26.97990172,
    "female": 28.50102418
  },
  "GNQ": {
    "male": 22.39304404,
    "female": 26.02097699
  },
  "ERI": {
    "male": 20.31894138,
    "female": 21.17645978
  },
  "EST": {
    "male": 27.10832438,
    "female": 26.04526707
  },
  "SWZ": {
    "male": 24.61943732,
    "female": 29.19240368
  },
  "ETH": {
    "male": 20.11043961,
    "female": 21.11970671
  },
  "FJI": {
    "male": 26.80560987,
    "female": 29.0032383
  },
  "FIN": {
    "male": 26.54581549,
    "female": 25.68118239
  },
  "FRA": {
    "male": 26.07234717,
    "female": 24.3122892
  },
  "PYF": {
    "male": 29.66396429,
    "female": 29.55761733
  },
  "GAB": {
    "male": 24.14419589,
    "female": 26.69545578
  },
  "GMB": {
    "male": 23.55791801,
    "female": 24.65288872
  },
  "GEO": {
    "male": 27.68977139,
    "female": 27.87763074
  },
  "DEU": {
    "male": 27.48449232,
    "female": 26.00994709
  },
  "GHA": {
    "male": 22.59033672,
    "female": 25.38987538
  },
  "GRC": {
    "male": 27.65624943,
    "female": 26.9157422
  },
  "GRL": {
    "male": 26.1378054,
    "female": 26.77422067
  },
  "GRD": {
    "male": 25.26649583,
    "female": 28.99880771
  },
  "GTM": {
    "male": 25.83059531,
    "female": 27.49113119
  },
  "GIN": {
    "male": 22.46822914,
    "female": 23.48420628
  },
  "GNB": {
    "male": 22.85539546,
    "female": 24.15697009
  },
  "GUY": {
    "male": 25.18206707,
    "female": 27.95808006
  },
  "HTI": {
    "male": 26.62422204,
    "female": 24.34822336
  },
  "HND": {
    "male": 26.00910489,
    "female": 27.85207042
  },
  "HKG": {
    "male": 24.64910835,
    "female": 23.92107456
  },
  "HUN": {
    "male": 28.39520228,
    "female": 26.65430385
  },
  "ISL": {
    "male": 27.16196688,
    "female": 25.5912036
  },
  "IND": {
    "male": 21.81452731,
    "female": 22.00366557
  },
  "IDN": {
    "male": 22.58718339,
    "female": 23.90401041
  },
  "IRN": {
    "male": 25.39401948,
    "female": 27.2634146
  },
  "IRQ": {
    "male": 27.9517395,
    "female": 29.94273994
  },
  "IRL": {
    "male": 28.09450077,
    "female": 27.20344034
  },
  "ISR": {
    "male": 27.82790048,
    "female": 27.12482237
  },
  "ITA": {
    "male": 26.64890335,
    "female": 24.85762136
  },
  "JAM": {
    "male": 25.97758141,
    "female": 29.86594518
  },
  "JPN": {
    "male": 23.68088582,
    "female": 21.82460637
  },
  "JOR": {
    "male": 28.50538669,
    "female": 30.08778993
  },
  "KAZ": {
    "male": 26.48649063,
    "female": 26.66546632
  },
  "KEN": {
    "male": 22.22532695,
    "female": 24.58874859
  },
  "KIR": {
    "male": 29.16996617,
    "female": 31.3037358
  },
  "KWT": {
    "male": 29.19359451,
    "female": 30.66093207
  },
  "KGZ": {
    "male": 26.13858825,
    "female": 27.43290879
  },
  "LAO": {
    "male": 22.79560541,
    "female": 23.20833965
  },
  "LVA": {
    "male": 27.19496331,
    "female": 26.45084333
  },
  "LBN": {
    "male": 28.1243274,
    "female": 27.64767452
  },
  "LSO": {
    "male": 22.81298191,
    "female": 27.1352051
  },
  "LBR": {
    "male": 23.17230055,
    "female": 25.19952427
  },
  "LBY": {
    "male": 27.05258408,
    "female": 29.56632955
  },
  "LTU": {
    "male": 27.21831369,
    "female": 26.05921691
  },
  "LUX": {
    "male": 27.24497208,
    "female": 25.75479558
  },
  "MDG": {
    "male": 21.57781202,
    "female": 21.14453119
  },
  "MWI": {
    "male": 22.59813348,
    "female": 23.26532312
  },
  "MYS": {
    "male": 25.40068289,
    "female": 26.30422774
  },
  "MDV": {
    "male": 24.84316797,
    "female": 26.55675736
  },
  "MLI": {
    "male": 22.99991795,
    "female": 23.18221551
  },
  "MLT": {
    "male": 27.9549695,
    "female": 26.59676335
  },
  "MHL": {
    "male": 29.07705261,
    "female": 30.66769672
  },
  "MRT": {
    "male": 23.36943897,
    "female": 26.75406167
  },
  "MUS": {
    "male": 24.67017349,
    "female": 26.06693249
  },
  "MEX": {
    "male": 27.63516419,
    "female": 28.5927059
  },
  "FSM": {
    "male": 28.33833847,
    "female": 31.53416098
  },
  "MDA": {
    "male": 26.78111685,
    "female": 27.58411562
  },
  "MNG": {
    "male": 26.05091403,
    "female": 26.76993285
  },
  "MNE": {
    "male": 27.17491841,